"","AUL.pal","CAL.cor","CAL.str","CAM.ste","DIC.bon","DIC.fus","DIC.pol","DIC.sco","DIC.und","DRE.exa","DRE.flu","HYL.spl","LIM.rev","LOE.bad","PLE.sch","POH.nut","POL.com","POL.jun","PTL.cri","SAN.unc","SCO.sco","TOM.nit","SPH.ann","SPH.bal","SPH.cap","SPH.cen","SPH.com","SPH.con","SPH.cus","SPH.fal","SPH.fus","SPH.gir","SPH.lin","SPH.mag","SPH.maj","SPH.pap","SPH.pla","SPH.pul","SPH.rip","SPH.rub","SPH.rus","SPH.squ","SPH.sub","SPH.subf","SPH.ten","SPH.ter","SPH.war","SPH.wul"
"2637",0,0,0,0,0,0,0,0,0,0,0,0,0,0,3,0,0,0,0,0,0,0,0,0,0,0,0,0,0,0,88,0,0,0,0,0,0,0,0,0,15,0,0,0,0,0,0,0
"2638",0,0,0,0,0,0,0,0,0,0,0,0,0,0,0,0,0,0,0,0,0,63,0,0,0,0,0,0,0,0,0,0,0,0,0,0,0,0,0,0,0,0,0,0,0,0,38,0
"2639",0,0,0,0,0,0,0,0,1,0,0,0,0,0,15,0,0,0,0,0,0,0,0,0,15,0,0,0,0,1,63,0,0,0,0,0,0,0,0,0,3,0,0,0,0,0,0,0
"2640",0,0,0,0,0,0,0,0,0,0,0,0,0,0,15,0,0,3,3,0,0,0,0,0,0,0,0,0,0,0,0,0,0,3,0,0,0,0,0,0,63,0,0,0,0,0,0,0
"2641",0,0,0,0,0,0,0,0,0,0,0,0,0,0,3,0,0,0,0,0,0,0,0,0,0,0,0,0,0,0,63,0,0,0,0,0,0,0,0,0,0,0,0,0,0,0,0,0
"2642",0,0,0,0,0,0,0,0,0,0,0,0,0,0,3,0,0,3,0,0,0,0,0,0,0,0,0,0,0,0,0,0,0,0,0,0,0,0,0,0,0,0,0,0,0,0,0,0
"2643",0,0,0,0,0,0,1,1,0,0,0,0,0,0,3,0,0,0,0,0,0,1,0,0,0,0,0,0,0,3,88,0,15,0,0,0,0,0,0,0,15,0,0,0,0,0,0,0
"2646",0,0,0,0,0,0,0,0,0,0,0,0,0,0,0,0,0,0,0,0,0,0,0,0,0,0,0,0,0,0,38,0,0,0,0,0,0,0,0,0,0,0,0,0,38,0,0,0
"2647",0,0,0,0,0,0,0,0,0,0,0,0,0,0,3,0,0,0,0,0,0,0,0,0,15,0,0,0,0,3,63,0,0,3,0,0,0,0,0,0,0,0,0,0,0,0,0,3
"2648",0,0,0,0,0,0,1,0,3,0,0,0,0,0,3,0,0,0,0,0,0,0,0,0,0,0,0,0,0,0,88,0,0,0,0,0,0,0,0,0,0,0,0,0,0,0,1,1
"2649",0,3,0,0,0,3,0,0,0,0,0,0,0,0,3,0,0,0,3,0,0,0,0,0,0,0,0,0,0,88,0,0,0,0,0,0,0,0,0,0,0,0,0,0,0,0,0,0
"2650",0,0,0,0,0,0,0,0,0,0,0,0,0,0,15,0,0,0,0,0,0,0,0,0,3,0,0,0,0,0,0,0,0,0,0,0,0,0,0,0,0,0,0,0,0,0,0,0
"2651",0,0,0,0,0,0,3,0,0,0,0,0,0,0,0,0,0,1,0,0,0,0,0,0,15,0,0,0,0,0,3,0,0,0,0,0,0,0,0,0,0,0,0,0,0,0,0,0
"2652",0,0,0,0,0,0,0,0,0,0,0,0,0,0,15,0,0,0,0,1,0,0,0,0,0,0,0,0,0,0,0,0,0,0,0,0,0,0,0,0,0,0,0,0,0,0,3,0
"2653",0,0,0,0,0,0,0,0,0,0,0,0,0,0,38,0,0,0,0,0,0,0,0,0,0,0,0,0,0,0,3,0,0,0,0,0,0,0,0,0,63,0,0,0,0,0,0,0
"2654",0,0,0,0,0,0,0,0,3,0,0,0,0,0,3,0,0,0,0,0,0,0,0,0,3,0,0,0,0,0,15,0,0,0,0,0,0,0,0,0,0,0,0,0,0,0,0,0
"2655",1,0,1,0,0,0,0,0,0,0,0,0,0,0,0,0,0,0,0,0,0,0,0,0,0,0,0,0,0,15,0,0,0,0,0,0,0,0,0,0,63,0,0,0,0,0,0,0
"2656",0,0,0,0,0,0,0,0,0,0,0,0,0,0,3,0,0,0,0,0,0,0,0,0,0,0,0,0,0,0,88,0,0,0,0,0,0,0,0,0,0,0,0,0,0,0,0,0
"2657",0,0,0,0,0,0,0,0,0,0,0,0,0,0,3,0,0,0,0,0,0,0,0,0,0,0,0,0,0,0,88,0,0,0,0,0,0,0,0,0,0,0,0,0,0,0,0,0
"2659",0,0,0,0,0,0,0,3,3,0,0,0,0,0,3,0,0,0,0,0,0,0,0,0,0,0,0,0,0,0,38,0,0,0,0,0,0,0,0,0,0,0,0,0,0,0,0,0
"2660",0,0,0,0,0,0,0,0,0,0,0,0,0,0,3,0,0,0,0,0,0,0,0,0,0,0,0,0,0,0,63,0,0,0,0,0,0,0,0,0,0,0,0,0,0,0,0,0
"2661",0,0,0,0,0,0,1,0,1,0,0,0,0,0,3,0,0,0,0,0,0,0,0,0,0,0,0,0,0,0,63,0,0,0,0,0,0,0,0,15,3,0,0,0,0,0,0,0
"2663",0,0,0,0,0,1,0,0,1,0,0,0,0,0,3,1,0,0,0,0,0,0,0,0,0,0,0,0,0,0,38,0,0,0,0,0,0,0,0,0,1,0,0,0,0,0,0,0
"2664",0,0,0,0,0,0,0,0,1,0,0,0,0,0,15,0,0,0,0,0,0,0,0,0,1,0,0,0,0,3,38,0,0,0,0,0,0,0,0,0,1,0,0,0,0,0,0,0
"2665",0,0,0,0,0,0,0,0,1,0,0,0,0,0,1,0,0,1,0,0,0,0,0,1,3,0,0,0,0,0,38,0,0,0,0,0,0,0,0,0,0,0,0,0,3,0,0,0
"2666",0,0,0,0,0,0,0,0,0,0,1,0,0,0,0,0,0,0,0,0,0,0,0,0,1,0,1,0,0,0,0,0,0,0,0,0,0,3,0,0,0,0,0,0,3,0,0,0
"2667",0,0,0,0,0,0,0,0,1,0,0,0,0,0,3,0,0,0,0,0,0,0,0,0,0,0,0,0,0,3,63,0,0,0,0,0,0,0,0,0,3,0,0,0,0,0,0,0
"2668",0,0,0,1,0,0,0,0,0,0,0,0,3,0,0,0,0,1,0,0,0,0,0,0,1,0,0,0,0,0,1,0,0,0,0,1,1,38,0,0,0,0,1,3,0,0,15,0
"2669",0,0,0,0,0,0,0,0,0,0,0,0,0,0,1,0,0,0,0,0,0,1,0,0,3,0,0,0,0,0,3,0,0,0,0,0,0,0,0,0,0,0,0,0,0,0,3,0
"2670",1,0,0,0,0,1,0,0,1,0,0,0,0,0,15,1,3,1,1,0,0,0,0,0,3,0,0,0,0,3,38,0,0,0,0,0,0,0,0,0,15,0,0,0,0,0,0,0
"2671",1,0,0,0,0,1,0,0,1,0,0,0,0,0,38,1,0,0,1,0,0,0,0,0,0,0,0,0,0,15,38,0,1,1,0,0,0,0,0,0,3,0,0,0,0,0,0,0
"2672",0,0,1,0,0,0,0,0,0,0,0,0,0,0,0,0,0,0,0,0,1,0,0,0,0,1,0,1,0,0,1,0,0,0,0,0,1,3,0,0,0,0,0,0,0,0,0,0
"2673",3,0,0,1,0,0,0,0,0,0,0,0,0,0,1,0,0,0,0,0,0,1,0,0,0,1,0,0,0,0,0,0,0,0,0,0,0,0,0,0,15,0,0,15,0,0,0,0
"2674",0,3,0,1,0,0,0,0,0,0,0,0,0,0,0,0,0,0,0,3,0,0,0,0,0,3,0,0,0,0,0,0,0,0,0,0,0,0,0,0,0,0,0,0,0,3,15,0
"2675",0,0,0,0,0,0,0,0,0,0,0,0,0,0,0,0,0,1,0,0,0,0,0,0,3,0,0,0,0,0,15,0,0,0,1,0,0,0,0,0,0,0,0,0,3,0,0,0
"2676",0,0,0,0,0,0,0,0,3,0,0,0,0,0,1,0,0,0,0,0,0,0,0,0,3,0,0,0,0,1,63,0,1,0,0,0,0,0,0,0,0,0,0,0,0,0,0,0
"2677",0,0,0,0,0,0,0,0,3,0,0,0,0,0,15,1,0,0,0,0,0,0,0,0,15,0,0,0,0,0,38,0,0,0,0,0,0,0,0,0,3,0,0,0,0,0,0,0
"2678",15,3,3,0,0,0,0,0,0,0,0,0,0,0,0,0,0,3,0,0,0,15,0,0,0,0,0,0,0,1,3,0,0,0,0,0,0,0,0,0,1,0,0,0,0,0,0,0
"2679",0,0,1,0,0,0,0,0,1,0,0,0,0,0,0,0,0,3,0,0,0,0,0,0,0,0,0,0,0,0,15,0,0,0,3,15,0,3,0,1,1,0,0,0,1,0,1,0
"2680",0,0,0,0,0,0,0,0,0,0,0,0,0,0,3,0,1,0,0,0,0,0,0,0,38,0,0,0,0,1,38,0,3,0,1,3,0,1,0,0,15,0,0,0,0,0,1,0
"2681",3,0,1,0,0,0,0,0,0,0,0,0,0,0,0,0,0,1,0,0,15,0,0,0,0,0,0,0,0,0,1,0,0,0,0,1,0,0,0,1,0,0,0,3,1,0,3,0
"2682",0,0,0,0,0,0,1,0,3,0,0,0,0,0,3,0,0,1,0,0,0,0,0,0,0,0,0,0,0,0,63,0,0,0,0,0,0,0,0,0,0,0,0,0,0,0,0,0
"2683",0,0,0,0,0,0,0,0,0,0,0,0,0,0,0,0,0,0,0,0,0,0,0,0,0,0,0,0,0,0,1,0,38,3,3,38,0,3,0,0,0,0,0,0,0,3,3,0
"2684",0,1,0,0,0,0,0,0,1,0,3,0,0,0,1,0,0,1,0,0,0,0,0,0,0,3,0,0,0,38,0,1,0,1,0,0,0,0,0,0,15,0,0,0,0,0,1,0
"2685",0,0,0,0,0,0,0,0,1,0,0,1,0,0,3,0,1,1,1,0,0,0,0,0,1,0,0,0,0,0,0,88,0,0,0,1,0,0,0,0,0,0,0,0,0,0,0,0
"2686",0,0,0,0,0,0,0,0,0,0,0,0,0,0,0,0,0,0,0,0,0,0,0,0,0,0,0,0,0,0,0,0,63,0,0,15,0,0,0,3,0,0,0,0,3,0,1,0
"2687",0,0,0,0,0,0,1,0,0,0,0,0,0,0,63,0,0,0,1,0,0,0,0,0,15,0,0,0,0,0,1,0,0,1,0,0,0,0,0,0,3,0,0,0,0,0,0,0
"2688",0,0,0,0,0,0,0,0,0,0,0,0,0,0,0,0,0,0,0,0,0,0,0,0,0,0,0,0,0,0,0,0,0,0,0,0,0,0,88,0,1,0,0,0,0,0,0,0
"2689",0,0,0,0,0,0,0,0,0,0,0,0,0,0,0,0,0,1,0,3,0,0,0,0,0,0,0,0,0,0,15,0,1,3,0,0,0,0,0,0,15,0,0,3,0,15,0,0
"2690",0,0,1,0,0,0,0,0,1,0,0,0,0,0,3,0,0,0,1,0,0,0,0,1,0,0,0,0,0,38,0,0,1,3,0,1,0,0,1,0,38,0,0,0,0,0,0,0
"2691",0,0,3,0,0,0,0,0,0,0,0,0,0,0,0,0,0,0,0,0,0,0,0,1,0,0,0,0,0,0,15,0,3,3,15,0,0,0,0,0,0,0,0,0,0,0,38,0
"2692",0,0,0,0,0,0,0,0,1,0,0,0,0,0,3,0,0,0,0,0,0,0,0,0,0,0,0,0,0,3,63,0,0,3,0,0,0,0,0,0,15,0,0,0,0,0,0,0
"2693",3,0,0,0,0,0,0,0,0,0,1,0,0,0,0,0,0,0,0,0,0,3,0,0,0,3,0,0,0,15,0,0,0,0,0,0,0,0,1,0,0,1,0,15,0,0,3,0
"2694",0,0,0,0,0,0,0,0,1,0,0,0,0,0,0,0,0,0,0,0,0,0,0,0,0,0,0,0,0,3,15,0,0,1,0,1,0,3,0,0,0,0,0,3,0,0,0,0
"2695",0,0,0,0,0,0,0,0,3,0,0,0,0,0,3,0,0,0,0,0,0,0,0,0,0,0,0,0,0,3,88,0,0,0,0,0,0,0,0,0,1,0,0,0,0,0,0,0
"2696",3,3,0,0,0,0,0,0,0,0,0,1,0,0,1,0,1,0,0,0,0,0,0,0,0,0,0,0,0,1,0,63,0,0,0,0,0,0,1,0,0,1,3,0,0,0,3,0
"2697",3,3,0,0,0,0,0,0,0,0,0,0,0,0,0,0,0,0,0,0,0,1,0,0,0,0,0,0,0,0,0,0,0,0,0,0,0,0,0,0,0,0,0,0,0,0,63,0
"2699",3,0,3,0,0,0,0,0,0,0,0,0,0,0,1,1,0,3,0,0,0,0,0,0,3,0,0,0,0,0,3,0,0,0,0,0,0,0,38,0,1,0,0,0,0,0,1,1
"2700",3,0,3,0,0,0,0,0,1,0,3,0,0,0,1,0,0,3,0,0,0,0,0,0,0,0,0,0,0,1,1,0,0,0,0,0,0,0,63,0,3,3,0,0,0,0,0,0
"2702",0,0,0,0,0,0,0,0,0,0,0,0,0,0,0,0,0,0,0,0,0,0,88,0,0,0,0,0,0,3,0,0,0,0,0,1,0,0,0,0,0,0,0,0,0,0,3,0
"2705",0,0,0,0,0,0,0,0,1,0,0,0,0,0,15,0,0,0,0,0,0,0,0,0,1,0,0,0,0,0,1,0,0,0,0,0,0,0,0,0,0,0,0,0,0,0,0,0
"2706",0,0,0,0,0,0,0,0,1,0,0,0,0,0,0,0,0,0,0,0,0,0,0,0,3,0,0,0,0,0,38,0,1,0,0,0,0,0,0,0,1,0,0,0,0,0,1,0
"2707",0,0,0,0,0,0,1,0,0,0,0,0,0,0,88,0,0,0,1,0,0,0,0,0,1,0,0,0,0,0,0,0,0,0,0,0,0,0,0,0,3,0,0,0,0,0,0,0
"2708",1,0,1,0,0,0,0,0,1,0,0,0,0,0,0,0,0,1,0,0,0,0,0,0,0,0,0,0,0,15,1,0,0,0,0,15,0,3,0,0,0,0,0,15,0,0,15,0
"2710",0,0,0,0,0,0,0,0,0,0,0,0,0,0,0,0,0,0,0,0,0,0,0,0,0,0,0,0,0,0,0,0,0,0,0,0,0,0,88,0,0,0,0,0,0,0,1,0
"2711",0,0,1,0,0,0,0,0,0,0,1,0,0,0,0,0,0,1,0,0,1,0,0,0,0,0,0,1,0,0,15,0,0,1,0,1,0,0,0,0,0,0,0,3,0,0,3,0
"2713",0,1,0,0,0,0,0,0,1,0,0,1,0,0,3,0,1,1,0,0,0,0,0,0,15,0,0,0,0,0,0,63,0,3,0,3,0,0,3,0,3,3,0,0,0,0,3,1
"2714",0,0,0,0,0,0,0,0,0,0,0,0,0,0,0,0,0,0,0,0,0,0,0,0,0,0,0,0,0,0,0,0,3,0,0,1,0,38,0,0,0,0,0,0,0,0,0,0
"2715",0,0,0,0,0,0,1,0,0,0,0,0,0,0,3,0,0,0,3,0,0,0,0,0,0,0,0,0,0,63,0,0,3,3,0,3,0,0,0,0,3,0,0,0,0,0,3,0
"2716",0,0,0,0,0,0,0,0,0,0,0,0,0,0,0,0,0,0,0,0,0,0,0,0,0,0,0,0,0,15,15,0,3,3,0,0,0,0,0,0,63,0,0,0,0,0,0,0
"2717",1,0,0,0,0,0,0,0,1,0,0,0,0,0,1,0,0,0,0,0,0,0,0,0,0,0,0,0,0,38,0,0,0,3,0,3,0,15,0,0,3,0,0,0,0,0,15,0
"2718",0,0,0,0,0,0,0,0,1,0,3,0,0,0,1,0,0,1,0,0,0,0,0,0,3,0,0,0,0,15,63,0,1,0,3,0,0,0,0,0,15,0,0,0,0,0,0,0
"2719",0,0,0,0,0,0,0,0,0,0,0,0,0,0,0,0,0,0,0,0,0,0,0,0,0,0,0,0,0,0,0,0,0,0,1,0,0,88,0,0,0,0,0,0,0,0,3,0
"2720",0,0,0,0,0,0,0,0,0,0,0,0,0,0,0,0,0,0,0,0,0,0,0,0,0,0,0,0,0,3,38,0,0,3,3,0,0,0,0,0,0,0,0,0,0,0,38,0
"2721",3,0,0,0,0,0,0,0,1,0,0,0,0,0,0,0,0,0,0,0,0,0,0,0,0,0,0,0,0,3,0,0,0,3,0,3,0,3,0,0,15,0,0,0,0,1,38,0
"2722",0,0,0,0,0,0,0,0,1,0,1,0,0,0,15,0,0,3,1,0,0,0,0,0,15,0,0,0,0,1,1,0,0,0,0,0,0,0,0,0,63,1,0,0,0,0,3,0
"2723",3,0,0,0,0,0,0,0,0,0,0,0,0,0,1,0,0,0,0,0,0,0,0,0,0,0,38,0,0,0,1,0,0,0,0,15,0,15,0,0,0,1,0,0,0,0,3,0
"2724",3,1,1,0,0,0,0,0,0,0,3,1,0,0,1,0,0,0,0,0,0,0,0,0,0,0,0,0,0,15,0,15,1,1,0,15,0,0,0,0,15,3,0,0,0,0,15,1
"2725",0,0,0,0,0,0,0,0,0,0,0,0,0,0,15,0,3,0,1,0,0,0,0,0,0,0,0,0,0,15,0,15,0,3,0,3,0,0,0,0,38,1,0,0,0,0,15,0
"2726",0,0,0,0,0,0,0,0,1,0,0,0,0,0,15,0,1,0,1,0,0,0,0,0,15,0,0,0,0,15,38,0,0,0,0,0,0,0,0,0,3,0,0,0,0,0,1,0
"2727",0,0,0,0,0,0,0,0,0,0,0,0,0,0,0,0,0,0,0,0,0,0,0,0,0,0,0,0,0,0,0,0,0,0,88,0,0,0,0,0,0,0,0,0,0,0,0,0
"2728",1,0,0,0,0,0,0,0,1,0,0,0,0,0,15,0,3,0,3,0,0,0,0,0,3,0,0,0,0,15,15,0,3,3,0,3,0,0,0,0,38,0,0,0,0,0,0,0
"2729",1,0,0,0,0,0,0,0,1,0,0,0,0,0,0,0,0,0,0,0,0,0,0,0,0,0,38,0,0,15,0,0,0,0,0,3,0,0,0,0,0,0,0,15,0,0,15,0
"2730",3,0,1,0,0,0,0,0,3,0,0,0,0,0,1,1,0,0,0,0,0,0,0,0,3,0,38,0,0,0,1,0,0,0,1,3,0,3,0,3,3,0,0,0,0,0,15,0
"2731",0,0,0,0,0,0,0,0,0,0,0,0,0,0,1,0,0,0,0,0,0,0,0,0,38,0,0,0,0,3,38,0,0,1,0,0,0,0,0,0,0,0,0,0,0,0,1,0
"2732",0,0,0,0,0,0,0,0,0,0,0,0,0,0,0,0,0,0,0,0,0,0,0,0,1,0,38,0,0,0,0,0,15,0,0,0,0,0,0,0,0,0,0,0,0,0,0,0
"2733",0,0,0,0,0,0,0,0,0,0,0,0,0,0,0,0,0,0,0,0,0,0,0,3,0,0,0,0,0,0,38,0,3,0,1,0,0,3,0,0,0,0,0,0,0,0,0,38
"2734",3,0,0,0,0,0,0,0,1,0,0,0,0,0,3,0,0,0,0,0,0,0,0,3,0,0,15,0,0,0,15,0,1,1,0,1,0,0,0,15,15,0,0,0,0,0,0,15
"2735",3,0,3,0,0,0,0,0,1,0,0,0,0,0,0,0,0,0,0,0,0,0,0,0,0,0,3,3,0,15,0,0,0,15,0,3,0,0,0,0,0,0,0,0,0,0,15,0
"2736",1,0,0,0,0,0,0,0,0,0,0,0,0,0,0,0,0,0,0,0,0,0,0,0,38,0,15,0,0,0,1,0,1,1,0,0,0,0,0,0,38,0,0,0,0,0,0,0
"2737",0,3,3,0,0,0,0,0,0,0,1,0,0,0,1,0,0,0,0,0,0,0,0,0,0,0,0,0,0,0,0,63,0,0,0,3,0,0,15,0,0,3,0,0,0,0,0,0
"2738",3,0,3,0,0,0,0,0,0,0,0,0,0,0,0,0,0,0,0,0,0,63,0,0,0,0,0,0,0,0,0,0,0,0,0,0,0,0,0,15,0,0,0,0,0,0,15,0
"2739",3,0,3,0,0,0,0,0,0,0,3,0,0,0,1,0,0,0,0,0,0,3,0,0,0,0,15,0,0,38,3,0,0,3,0,3,0,0,0,0,15,0,0,0,0,0,15,0
"2740",0,1,0,0,0,0,0,0,0,0,1,0,0,0,0,0,0,0,0,0,0,0,0,0,0,0,0,0,0,15,0,63,0,0,0,3,0,0,0,0,0,3,0,0,0,0,1,0
"2741",3,0,0,0,0,0,0,0,0,0,0,0,0,0,0,0,0,0,0,0,0,3,0,0,0,0,15,0,0,0,0,0,0,3,0,1,0,0,0,0,0,0,0,63,0,0,15,0
"2742",3,1,1,0,0,0,0,0,0,0,1,0,0,0,0,0,0,0,0,0,0,0,0,0,0,0,0,0,0,3,0,63,0,0,0,3,0,0,0,0,15,0,0,0,0,0,3,0
"2744",0,1,0,0,0,0,0,0,0,0,15,0,0,0,0,0,0,0,0,0,0,0,0,0,0,0,0,0,0,0,0,0,0,0,0,0,0,0,63,0,0,0,0,0,0,0,0,0
"2745",0,0,0,0,0,0,0,0,0,0,0,0,0,0,0,0,0,0,0,0,0,0,0,0,0,0,1,0,0,0,0,0,63,3,3,0,0,15,0,0,0,0,0,0,0,0,1,0
"2746",0,0,0,0,0,0,0,0,0,0,0,0,0,0,0,0,0,0,0,0,0,0,0,3,0,0,0,0,0,3,63,0,1,1,0,3,0,0,0,0,3,0,0,0,0,0,15,0
"2747",0,0,38,0,0,0,0,0,0,3,0,0,0,0,0,0,0,0,0,0,0,0,3,0,0,0,3,0,0,0,0,0,0,0,0,0,0,3,0,0,0,0,3,0,0,0,0,0
"2748",0,0,0,0,0,0,0,0,0,0,0,0,0,0,0,0,0,0,0,0,0,0,0,0,0,0,0,0,0,0,0,0,0,0,88,0,0,0,0,0,0,0,0,0,0,0,1,0
"2749",1,1,1,0,0,0,0,0,0,0,0,3,0,0,3,0,3,0,3,0,0,0,0,0,0,0,0,0,0,1,0,63,0,0,0,0,0,0,15,0,15,0,0,0,0,0,0,0
"2750",0,1,3,0,0,1,0,0,0,0,3,0,0,0,0,0,1,0,0,0,0,0,0,0,0,0,0,0,0,3,0,38,0,0,0,0,0,0,3,0,0,3,0,0,0,0,0,0
"2751",0,0,0,0,0,0,0,0,0,0,0,0,0,0,0,0,0,0,0,0,0,0,0,0,0,0,38,0,0,0,3,0,0,0,0,0,0,0,0,0,0,0,0,0,0,0,3,0
"2752",3,0,1,0,0,0,0,0,0,0,0,0,0,0,0,0,0,0,0,0,0,0,0,3,0,0,0,0,0,3,0,63,0,3,0,3,0,0,0,0,0,0,0,0,0,0,15,0
"2753",0,0,0,0,0,0,0,0,0,0,0,0,0,0,0,0,0,0,0,0,0,0,0,0,0,0,1,0,0,0,0,1,0,0,1,0,0,3,0,0,0,0,0,0,0,0,0,0
"2754",3,0,3,0,0,0,0,0,0,0,0,0,0,0,1,0,0,0,0,0,0,0,0,0,0,0,3,0,0,0,0,0,3,1,1,3,0,3,0,0,0,0,0,38,0,0,3,0
"2755",3,0,3,0,0,1,0,0,0,0,0,3,0,0,3,0,0,0,3,0,0,0,0,0,0,0,0,0,0,3,0,63,0,1,0,3,0,0,3,0,0,3,0,0,0,0,3,0
"2756",15,0,1,0,0,0,0,0,0,0,0,0,0,0,1,0,0,0,0,0,0,15,0,3,0,0,3,0,0,3,0,0,0,1,0,0,0,3,0,0,0,0,0,0,0,0,15,0
"2757",0,0,0,0,0,0,0,0,0,0,0,0,0,0,0,0,0,0,0,0,0,0,0,1,0,0,3,0,0,0,0,0,0,0,1,38,0,15,0,1,0,0,0,0,0,0,15,0
"2758",0,0,0,0,0,0,0,0,1,0,0,15,0,0,15,0,0,0,0,0,0,0,0,0,3,0,0,0,0,15,15,0,0,0,0,3,0,0,0,0,38,0,0,0,0,0,0,0
"2759",1,1,0,0,0,0,0,0,0,0,0,0,0,0,1,0,0,0,0,3,0,0,0,0,0,0,1,0,0,0,0,38,0,0,0,3,0,0,0,0,0,0,0,0,0,0,0,0
"2760",3,0,0,0,0,0,0,0,1,0,0,0,0,0,0,0,0,0,0,0,0,3,0,1,0,0,3,0,0,3,0,0,0,1,0,15,0,3,0,3,0,0,0,0,0,0,15,0
"2761",0,0,1,0,0,1,0,0,0,0,0,0,0,0,3,0,3,0,3,0,0,0,0,0,0,0,0,0,0,3,0,63,0,0,0,3,0,0,0,0,3,0,0,0,0,0,1,0
"2762",3,0,0,0,0,0,0,0,0,0,0,0,0,0,3,0,3,0,0,1,0,0,0,0,0,0,3,0,0,38,0,38,0,0,0,3,0,0,0,0,0,0,0,0,0,0,3,0
"2763",0,0,0,0,0,0,0,0,0,0,0,0,0,0,0,0,0,0,0,0,0,0,0,1,0,0,38,0,0,3,0,0,0,1,0,0,0,15,0,1,0,0,0,0,0,0,15,0
"2764",0,0,0,0,0,0,0,0,0,0,0,0,0,0,0,0,0,0,0,0,0,0,0,0,0,0,1,0,0,1,0,0,0,0,1,0,0,1,0,0,0,0,0,0,0,0,0,0
"2765",15,0,0,0,0,0,0,0,1,0,0,0,0,0,1,0,0,0,0,0,0,0,0,0,0,0,38,0,0,0,0,0,0,0,0,15,0,3,0,0,0,0,0,15,0,0,3,0
"2766",3,0,1,0,0,0,0,1,0,0,0,3,0,0,15,0,1,0,3,0,0,0,0,0,0,0,0,0,0,3,0,63,0,0,0,0,0,0,0,0,3,0,0,0,0,0,0,0
"2767",0,0,0,0,0,0,0,0,0,0,0,0,0,0,0,0,0,0,0,0,0,0,0,0,0,0,15,0,0,63,0,0,0,0,0,0,0,1,0,3,0,0,0,0,0,0,15,0
"2768",3,0,0,0,0,0,0,0,0,0,0,0,0,0,0,0,3,0,0,0,0,0,0,0,0,0,15,0,0,38,0,0,1,1,0,3,0,3,0,0,0,0,0,0,0,3,15,0
"2769",0,0,0,0,0,0,0,0,0,0,0,0,0,0,0,0,0,0,0,0,0,0,0,0,0,0,0,0,0,0,0,0,0,0,0,0,0,1,0,0,0,0,0,0,0,0,0,0
"2770",0,0,0,0,0,0,0,1,1,0,0,0,0,0,3,0,3,0,0,0,0,0,0,0,3,0,0,0,0,3,15,15,0,0,0,0,0,0,0,0,15,0,0,0,0,0,0,0
"2771",0,0,0,0,0,0,0,0,0,0,0,1,0,0,3,0,3,0,1,0,0,0,0,1,1,0,0,0,0,1,38,0,0,0,0,0,0,0,0,0,3,0,0,0,0,0,3,0
"2772",0,0,0,0,0,0,0,0,0,0,0,0,0,0,1,0,0,0,0,0,0,0,0,0,0,0,0,0,0,38,38,0,0,3,0,0,0,0,0,0,0,0,0,0,0,3,0,0
"2773",0,0,0,0,0,0,0,0,0,0,0,0,0,0,0,0,0,0,0,0,0,0,0,0,38,0,0,0,0,15,0,0,0,3,0,3,0,1,0,1,0,0,0,0,0,0,0,0
"2774",0,0,0,0,0,0,0,0,0,0,0,0,0,0,0,0,0,0,0,0,0,0,0,0,0,0,0,0,0,1,38,0,0,1,0,0,0,0,0,0,0,0,0,0,0,0,0,0
"2775",0,0,0,0,0,0,0,0,0,0,0,0,0,0,1,0,0,0,0,0,0,0,0,0,0,0,0,0,0,3,15,0,0,1,0,1,0,0,0,0,0,0,0,0,0,0,0,0
"2776",0,0,0,0,0,0,0,0,0,0,0,0,0,0,0,0,0,0,0,0,0,0,0,0,0,0,0,0,0,3,0,0,0,1,0,0,0,63,0,0,3,0,0,0,0,0,0,0
"2777",0,0,0,0,0,0,0,0,0,0,0,0,0,0,1,0,0,0,0,0,0,0,0,0,0,0,0,0,0,1,63,0,0,1,0,0,0,0,0,0,0,0,0,0,0,0,0,0
"2778",0,0,0,0,0,0,0,0,0,0,0,0,0,0,1,0,0,0,0,0,0,0,0,0,0,0,0,0,0,1,15,0,0,1,0,0,0,0,0,0,0,0,0,0,0,0,0,0
"2779",0,0,0,0,0,0,0,0,0,0,0,0,0,0,1,0,0,0,0,0,0,0,0,0,3,0,0,0,0,1,63,0,0,3,3,0,0,0,0,0,0,0,0,0,0,0,0,0
"2780",0,0,0,0,0,0,0,0,0,0,0,0,0,0,0,0,0,0,0,0,0,0,0,0,0,0,0,0,0,1,63,0,0,1,1,0,0,0,0,0,0,0,0,0,0,0,0,0
"2781",1,0,0,0,0,0,0,0,0,0,0,0,0,0,0,0,0,1,0,0,0,1,0,0,0,0,0,0,0,15,0,0,0,1,0,0,0,1,0,3,0,0,1,0,0,0,0,0
"2782",0,0,0,0,0,0,0,0,0,0,0,0,0,0,0,0,0,0,0,0,0,0,0,0,0,0,0,0,0,0,0,0,0,0,15,0,0,38,0,0,0,0,3,0,0,0,0,0
"2783",0,0,0,0,0,0,0,0,0,0,0,0,0,0,0,0,0,0,0,0,0,0,0,0,0,0,0,0,0,15,15,0,0,1,38,0,0,1,0,0,0,0,0,0,0,0,0,0
"2784",0,0,0,0,0,0,0,0,0,0,0,0,0,0,0,0,0,0,0,0,38,0,15,0,0,0,0,0,0,0,0,0,0,1,0,0,0,0,0,0,0,0,1,0,0,0,0,0
"2785",1,0,0,0,0,0,0,0,0,0,0,0,0,0,0,0,0,0,0,0,0,0,0,0,0,0,0,0,0,0,0,0,0,0,0,0,0,0,0,0,0,0,0,0,0,0,0,0
"2786",0,0,0,0,0,0,0,0,0,0,0,0,0,0,0,0,0,0,0,0,0,0,0,0,0,0,0,0,0,0,0,0,0,0,0,0,0,0,15,0,0,0,0,0,0,0,15,0
"2787",0,0,1,0,0,0,0,0,0,0,0,0,0,0,0,0,0,0,0,0,0,0,0,0,0,1,0,0,0,38,0,0,0,1,0,1,0,38,0,0,0,0,1,0,0,0,0,0
"2788",0,0,0,0,0,0,0,0,0,0,0,0,0,0,0,0,0,0,0,0,0,1,0,0,1,0,0,0,0,0,0,0,0,0,0,0,0,63,0,0,1,0,1,0,0,0,0,0
"2789",0,0,0,0,0,0,0,0,1,0,0,0,0,0,1,0,0,0,0,0,0,0,0,0,0,0,0,0,0,15,3,0,0,1,38,0,0,0,0,0,1,0,0,0,0,0,0,0
"2790",0,0,0,0,0,0,0,0,0,0,0,0,0,0,0,0,0,0,0,0,0,0,0,0,1,0,0,0,0,3,1,0,63,0,1,0,0,0,0,0,0,0,0,0,0,0,0,0
"2791",0,0,0,0,0,0,0,0,0,0,0,0,0,0,0,0,0,0,0,0,0,0,0,0,0,0,0,0,0,1,0,0,0,0,0,0,0,38,0,0,0,0,0,0,0,0,0,0
"2792",0,0,0,0,0,0,0,0,0,0,0,0,0,0,0,0,0,0,0,0,0,0,0,0,0,0,0,0,0,63,1,0,0,1,3,0,0,0,0,0,0,0,0,0,0,0,0,0
"2793",0,0,0,0,0,0,0,0,0,0,0,0,0,0,0,0,0,0,0,0,0,0,0,0,3,0,0,0,0,1,38,0,0,0,0,3,0,0,0,0,3,0,0,0,0,0,0,0
"2794",0,0,0,0,0,0,0,0,0,0,0,0,0,0,0,0,0,0,0,0,0,0,0,0,0,0,0,0,3,0,0,0,0,0,38,0,0,0,0,0,0,0,0,0,0,0,0,0
"2795",0,0,0,0,0,0,0,0,0,0,0,0,0,0,1,0,0,0,0,0,0,0,0,0,1,0,0,0,0,0,15,0,0,1,0,0,0,0,0,0,3,0,0,0,0,0,0,0
"2796",0,0,0,0,0,0,0,0,0,0,0,0,0,0,1,0,0,0,0,0,0,0,0,0,1,0,0,0,0,3,63,0,0,1,15,0,0,0,0,0,0,0,0,0,0,0,0,0
"2797",0,0,0,0,0,0,0,0,0,0,0,0,0,0,0,0,0,0,0,0,0,0,0,0,0,0,0,0,0,1,0,0,0,0,15,3,0,1,0,15,0,0,0,0,0,0,0,0
"2798",0,0,0,0,0,0,0,0,0,0,0,0,0,0,0,0,0,0,0,0,0,1,0,0,0,0,0,0,0,0,15,0,0,0,0,3,0,0,0,0,38,0,0,1,0,0,0,0
"2799",0,0,0,0,0,0,0,0,1,0,0,0,0,0,1,0,0,0,0,0,0,0,0,0,15,0,0,0,0,1,63,0,1,0,0,0,0,0,0,0,0,0,0,0,0,0,0,0
"2800",0,0,0,0,0,0,0,0,0,0,0,0,0,0,0,0,0,0,0,0,0,0,0,0,0,0,0,0,0,15,15,0,0,0,15,0,0,0,0,38,0,0,0,0,0,0,0,0
"2801",1,0,0,0,0,0,1,0,0,0,0,0,0,0,1,0,1,0,0,0,0,0,0,0,3,3,0,0,0,0,3,0,0,0,0,0,0,0,0,0,38,0,0,0,0,0,0,0
"2803",0,0,0,0,0,0,0,0,0,0,0,0,0,0,0,0,0,0,0,0,0,0,0,0,3,0,3,0,0,0,38,0,0,0,0,0,0,0,0,0,0,0,0,0,15,0,0,0
"2804",0,0,0,0,0,0,0,0,1,0,0,0,0,0,3,0,0,0,0,0,0,0,0,0,3,0,0,0,0,0,63,0,0,0,0,0,0,0,0,0,0,0,0,0,0,0,0,0
"2805",0,0,0,0,0,0,0,0,0,0,0,0,0,0,0,0,0,0,0,0,0,0,0,0,3,0,0,0,0,3,63,0,0,1,15,0,0,0,0,0,0,0,0,0,0,0,0,0
"2806",0,0,0,0,0,0,0,0,0,0,0,0,0,0,0,0,0,0,0,0,0,0,0,0,0,0,0,0,0,0,0,0,3,0,0,0,0,0,0,0,0,0,0,0,0,0,0,0
"2807",15,0,0,0,0,0,0,0,0,0,0,0,0,38,0,0,0,0,0,0,0,0,0,0,1,0,0,0,0,0,1,0,0,0,0,0,0,0,0,0,0,0,0,0,0,0,0,0
"2809",0,0,0,0,0,0,0,0,1,0,0,0,0,0,3,0,0,0,0,0,0,0,0,0,0,0,0,0,0,3,38,0,0,3,38,0,0,0,0,0,15,0,0,0,0,0,0,0
"2810",0,0,0,0,0,0,0,0,0,0,0,0,0,0,0,0,0,0,0,0,0,0,0,0,0,0,0,0,0,0,63,0,0,1,15,0,0,0,0,0,0,0,0,0,0,0,0,0
"2811",0,0,0,0,0,0,0,0,0,0,0,0,0,0,0,0,0,0,0,0,0,0,0,0,0,0,0,0,0,0,0,0,0,0,0,15,0,63,0,3,0,0,0,0,0,0,0,0
"2812",0,0,0,0,0,0,0,0,0,0,0,0,0,0,0,0,0,0,0,0,0,0,0,0,0,0,0,0,0,0,1,0,0,1,1,0,0,38,0,0,0,0,0,0,0,0,0,0
"2813",0,0,0,0,0,0,0,0,0,0,0,0,0,0,0,0,0,0,0,0,0,0,0,0,0,0,0,0,0,3,38,0,38,1,0,0,0,0,0,3,3,0,0,0,0,0,0,0
"2814",0,0,0,0,0,0,0,0,0,0,0,0,0,0,0,0,0,0,0,0,0,0,0,0,3,0,0,0,0,0,3,0,0,0,38,0,0,0,0,0,3,0,0,0,0,0,0,0
"2815",0,0,38,0,0,0,0,0,0,0,0,0,0,0,0,0,0,0,0,0,0,0,0,0,0,0,0,0,0,63,0,3,0,0,0,0,0,0,0,0,3,0,0,0,0,0,0,0
"2816",0,0,0,0,0,0,0,0,0,0,0,0,0,0,0,0,0,0,0,0,0,0,0,0,0,0,0,0,0,1,15,0,0,1,63,0,0,0,0,0,15,0,0,0,0,0,0,0
"2817",0,0,0,0,0,1,0,0,0,0,0,0,0,0,1,0,0,0,0,0,0,0,0,0,15,0,1,0,0,0,1,0,0,0,0,0,0,0,0,0,0,0,0,0,0,0,0,0
"2818",0,0,0,0,0,0,0,0,0,0,0,0,0,0,0,0,0,1,0,0,0,0,0,0,0,0,0,0,0,15,3,0,0,0,0,15,0,38,0,15,0,0,0,0,0,0,0,0
"2819",0,0,0,0,0,0,0,0,0,0,0,0,0,0,0,0,0,0,0,0,0,0,0,0,0,0,38,0,0,0,0,0,0,0,0,0,0,15,0,0,0,0,0,0,0,0,0,0
"2820",0,0,0,0,0,0,0,0,1,0,0,0,0,0,1,0,0,0,0,0,0,0,0,1,3,0,0,0,0,3,38,0,0,3,0,0,0,0,0,0,3,0,0,0,0,0,0,0
"2821",0,0,0,0,0,0,0,0,0,0,0,0,0,0,0,0,0,0,0,0,0,0,0,0,15,0,0,0,0,0,0,0,38,0,0,0,0,0,0,0,0,0,0,0,0,0,0,0
"2822",0,0,0,0,0,0,0,0,0,0,0,0,0,0,0,0,0,0,0,0,0,0,0,0,0,0,0,0,0,0,0,0,88,0,0,0,0,0,0,0,0,0,0,0,0,0,0,0
"2823",0,0,0,0,0,0,0,0,0,0,0,0,0,0,1,0,0,0,0,0,0,0,0,0,0,0,15,0,0,38,1,0,0,0,3,0,0,0,0,3,3,0,0,0,0,0,0,0
"2824",0,0,0,0,0,0,0,0,0,0,0,0,0,0,15,0,0,0,0,0,0,0,0,0,15,0,0,0,0,1,38,0,0,1,0,0,0,0,0,0,0,0,0,0,0,0,0,0
"2825",0,0,1,0,0,0,0,0,0,0,0,0,0,0,0,0,0,0,0,0,0,0,0,0,0,0,38,0,0,0,3,0,0,0,0,0,0,15,0,1,0,0,0,0,0,0,0,0
"2826",0,0,0,0,0,1,0,0,0,0,0,0,0,0,1,0,0,0,0,0,0,0,0,0,3,0,1,0,0,0,38,0,0,0,38,0,0,0,0,0,0,0,0,0,0,0,0,0
"2835",0,0,0,0,0,0,0,0,1,0,0,0,0,0,3,0,0,0,0,0,0,1,0,0,0,0,1,0,0,1,3,0,3,1,0,0,0,0,0,0,38,0,0,0,0,0,0,0
"2836",0,0,0,0,0,0,0,0,0,0,15,0,0,0,0,0,0,0,0,0,0,1,0,0,3,0,1,0,0,0,1,0,15,0,38,0,0,0,0,0,0,0,0,0,0,0,0,0
"2837",0,0,0,0,0,0,0,0,0,0,0,0,0,0,0,0,0,0,0,0,0,1,0,0,1,0,3,0,0,0,0,0,0,0,0,0,0,0,0,0,0,0,0,0,0,0,0,0
"2838",1,0,0,0,0,0,0,0,1,0,0,0,0,0,1,0,0,0,0,0,0,0,0,0,15,0,3,0,0,0,3,0,15,0,0,0,0,3,0,0,0,0,0,0,0,0,0,0
"2839",1,0,0,0,0,0,0,0,0,0,0,0,0,0,0,0,0,0,0,0,0,0,0,0,0,0,15,0,0,0,0,0,3,0,0,0,0,1,0,0,0,0,0,0,0,0,0,0
"2840",0,0,0,0,0,0,0,0,0,0,0,0,0,0,0,0,0,0,0,0,0,0,0,0,0,0,0,0,0,0,0,0,88,0,0,0,0,0,0,0,0,0,0,0,0,0,0,0
"2841",0,0,0,0,0,1,0,0,1,0,0,0,0,0,1,0,0,0,0,0,0,0,0,0,15,0,3,0,0,1,1,0,0,0,0,0,0,0,0,0,0,0,0,0,0,0,0,0
"2842",1,0,0,0,0,0,0,0,0,0,0,0,0,0,0,0,0,0,0,0,0,0,0,0,0,0,1,0,0,0,0,0,3,0,0,0,0,3,0,0,0,0,0,0,0,0,0,0
"2843",1,0,0,0,0,0,0,0,1,0,0,0,0,0,1,0,0,1,0,0,0,0,0,0,1,0,3,0,0,0,0,0,0,0,0,0,0,1,0,0,0,0,0,0,0,0,0,0
"2845",0,0,0,0,0,0,0,0,3,0,0,0,0,0,3,0,0,3,0,0,0,0,0,0,15,0,0,0,0,0,38,0,0,0,0,0,0,0,0,0,0,0,0,0,0,0,0,0
"2847",0,0,0,0,0,0,0,0,1,0,0,0,0,0,3,0,0,3,0,0,0,0,0,0,15,0,0,0,0,0,38,0,0,0,0,0,0,0,0,0,0,0,0,0,0,0,0,0
"2848",0,0,0,0,0,0,0,0,0,0,0,0,0,0,3,0,3,0,0,0,0,0,0,0,38,0,0,0,0,1,63,0,0,1,0,0,0,0,0,0,3,0,0,0,0,0,0,0
"2849",0,0,0,0,0,0,0,0,0,0,0,0,0,0,15,0,0,0,1,0,0,0,0,0,3,0,0,0,0,0,0,63,0,0,0,0,0,0,0,0,15,0,0,0,0,0,0,0
"2850",0,0,0,0,0,0,0,0,1,0,0,0,0,0,3,0,3,0,0,0,0,0,0,0,0,0,0,0,0,3,63,0,0,0,0,0,0,0,0,0,15,0,0,0,0,0,0,0
"2851",0,0,0,0,0,0,0,0,0,0,0,1,0,0,3,0,1,0,0,0,0,0,0,0,1,0,0,0,0,1,0,0,0,0,0,0,0,0,0,0,63,0,0,0,0,0,1,1
"2852",0,0,0,0,0,3,0,0,0,0,0,0,0,0,3,0,0,0,0,0,0,0,0,0,15,0,0,0,0,15,63,0,0,3,0,0,0,0,0,0,3,0,0,0,0,0,0,0
"2853",0,0,0,0,0,0,1,0,0,0,0,0,0,0,3,0,1,1,0,0,0,0,0,0,0,0,0,0,0,38,0,0,0,1,0,0,0,0,0,0,15,0,0,0,0,0,0,0
"2854",0,0,0,0,0,0,0,0,1,0,0,0,0,0,3,0,0,1,0,0,0,0,0,0,3,0,0,0,0,0,88,0,0,0,0,0,0,0,0,0,15,0,0,0,0,0,0,0
"2855",0,0,0,0,0,1,0,0,1,0,0,0,0,0,3,0,0,0,0,0,0,0,0,0,3,0,0,0,0,0,88,0,0,1,0,0,0,0,0,0,15,0,0,0,0,0,0,0
"2856",0,0,0,0,0,3,0,0,0,0,0,0,0,0,15,0,0,0,15,0,0,0,0,0,38,0,0,0,0,0,0,0,0,0,0,0,0,0,0,0,38,0,0,0,0,0,0,0
"2857",0,0,0,0,0,0,1,0,0,0,0,0,0,0,3,0,0,0,0,0,0,0,0,0,15,0,0,0,0,15,38,0,0,0,0,0,0,0,0,0,3,0,0,0,0,0,0,0
"2858",0,0,0,0,0,0,0,0,0,0,0,0,0,0,0,0,0,0,0,0,0,0,0,0,0,0,0,0,0,0,38,0,38,0,0,0,0,0,0,0,15,0,0,0,0,0,0,0
"2859",0,0,0,0,0,0,0,0,0,0,0,0,0,0,1,0,0,0,0,0,0,0,0,0,0,0,0,0,0,3,0,0,3,1,0,0,0,0,0,0,63,0,0,0,0,0,0,0
"2860",0,0,0,0,0,0,0,0,0,0,0,0,0,0,0,0,0,1,0,0,0,0,0,0,0,0,0,0,0,38,3,0,0,0,0,0,0,0,0,0,1,0,0,0,0,0,0,0
"2861",0,0,0,0,0,3,1,0,1,0,0,3,0,0,63,0,0,0,15,0,0,0,0,0,0,0,0,0,0,1,0,0,0,1,0,0,0,0,0,0,15,0,0,0,0,0,0,0
"2862",0,0,0,0,0,0,0,0,0,0,0,0,0,0,0,0,0,0,0,0,0,0,0,0,1,0,0,0,0,1,0,0,0,0,0,0,0,0,0,0,1,0,0,0,0,0,0,0
"2865",0,0,0,0,0,0,0,0,0,0,0,0,0,0,0,0,0,0,0,0,0,0,0,0,63,0,0,0,0,0,0,0,0,1,1,0,0,0,0,0,0,0,0,0,3,0,0,0
"2867",0,0,0,0,0,0,3,0,0,0,0,0,0,0,3,0,0,0,0,0,0,0,0,0,1,0,0,0,0,0,63,0,0,0,15,0,0,0,0,0,0,0,0,0,3,0,0,0
"2868",0,0,0,0,0,0,0,0,0,0,0,0,0,0,15,0,0,0,0,0,0,1,0,0,38,0,1,0,0,0,38,0,0,1,0,0,0,0,0,0,0,0,0,0,0,0,0,0
"2869",0,0,0,0,0,0,0,0,0,0,0,0,0,0,0,0,0,0,0,0,0,0,0,0,0,0,0,0,0,3,0,0,0,0,1,0,0,63,0,0,0,0,0,0,0,3,0,0
"2870",0,0,0,0,0,0,0,0,0,0,0,0,0,0,3,0,0,0,0,0,0,0,0,0,15,0,0,0,0,0,38,0,0,1,0,0,0,0,0,0,0,0,0,0,0,0,0,0
"2871",0,0,0,0,0,0,0,0,0,0,0,0,0,0,1,0,0,1,0,0,0,0,0,0,15,0,0,0,0,63,38,0,0,1,0,0,0,0,0,0,0,0,0,0,0,0,0,0
"2872",0,0,0,0,0,0,0,0,0,0,0,0,0,0,0,0,0,0,0,0,0,0,0,0,0,0,0,0,0,0,15,0,1,0,15,0,0,0,0,0,0,0,0,0,0,0,0,0
"2873",0,0,1,0,0,0,0,0,0,3,0,0,0,0,0,0,0,1,0,0,0,0,0,0,15,0,0,0,0,0,1,0,0,0,0,0,0,0,0,0,3,0,0,0,0,0,0,0
"2874",0,0,0,0,0,0,0,0,0,0,0,0,0,0,0,0,0,0,0,15,0,0,0,0,15,0,0,0,0,0,0,0,0,0,0,0,0,0,0,0,1,0,0,0,0,0,0,0
"2875",0,0,3,0,0,0,0,0,0,0,0,0,0,0,0,0,0,0,0,0,38,0,0,0,0,0,0,0,0,0,0,0,0,0,0,0,0,0,0,0,0,1,0,0,0,15,0,0
"2876",0,0,0,0,0,0,0,0,0,0,0,0,0,0,0,0,0,0,0,0,0,0,0,0,0,0,0,0,0,1,63,0,0,0,0,0,0,0,0,0,15,0,0,0,0,0,0,0
"2877",0,0,0,1,0,0,0,0,0,0,0,0,0,0,0,0,0,0,0,0,38,0,0,0,1,0,0,0,0,0,3,0,0,0,0,0,0,0,0,0,0,0,0,0,0,0,0,0
"2878",0,0,0,0,0,0,0,0,0,0,0,3,0,0,63,0,0,0,0,0,0,0,0,0,0,0,0,0,0,1,1,0,0,0,0,0,0,0,0,0,15,0,0,0,0,0,0,0
"2879",3,0,0,1,0,0,0,0,3,0,0,0,0,0,0,0,0,0,0,0,0,3,0,0,0,0,0,0,0,0,3,0,0,0,0,0,0,0,0,3,0,0,0,0,0,0,38,0
"2880",0,0,0,0,0,0,0,0,1,0,0,0,0,0,0,1,0,0,0,0,15,0,0,0,0,0,0,0,0,0,1,0,0,0,0,0,0,0,0,0,0,0,0,0,0,0,0,0
"2881",0,0,0,0,0,0,0,0,0,0,0,0,0,0,1,0,0,0,0,0,0,0,0,0,0,0,0,0,0,1,88,0,0,0,0,0,0,0,0,0,0,0,0,0,0,0,0,0
"2882",0,0,0,0,0,0,0,0,0,0,0,0,0,0,0,0,0,0,0,0,0,1,0,0,0,0,0,0,0,0,1,0,0,0,0,0,0,0,0,0,0,0,0,0,0,0,63,0
"2883",0,0,0,0,0,0,0,0,0,0,0,0,0,0,0,0,0,0,0,0,88,1,0,0,0,0,0,0,0,0,0,0,0,0,0,0,0,0,0,0,0,0,0,0,0,0,0,0
"2885",0,0,0,0,0,0,0,0,0,0,0,0,0,0,0,0,0,0,0,0,0,0,0,0,88,0,0,0,0,3,0,0,0,0,0,0,0,15,0,0,0,0,0,0,0,0,0,0
"2886",0,0,0,0,0,0,0,0,0,0,0,0,0,0,0,0,0,0,0,0,0,0,0,0,15,0,0,0,0,0,63,0,0,0,0,0,0,3,0,0,0,0,0,0,3,0,0,0
"2887",0,0,0,0,0,0,0,0,0,0,0,0,0,0,0,3,0,0,0,0,0,0,0,0,0,0,0,0,0,63,0,0,0,3,0,0,0,0,0,0,0,0,0,0,0,0,0,0
"2889",0,0,0,0,0,0,0,0,0,0,0,0,0,0,1,0,0,0,0,0,0,0,0,0,15,0,0,0,0,0,15,0,3,0,1,1,0,0,0,38,0,0,0,0,0,0,0,0
"2890",0,0,0,0,0,0,0,0,0,0,0,0,0,0,0,0,0,0,0,0,0,0,0,0,0,0,0,0,0,0,1,0,1,0,3,63,0,0,0,1,0,0,0,0,0,0,0,0
"2891",0,0,0,15,0,0,0,0,0,0,0,0,0,0,0,0,0,0,0,0,38,0,0,0,0,0,0,0,0,0,0,0,0,0,0,0,0,0,0,0,0,0,0,0,0,0,0,0
"2892",0,0,0,0,0,0,0,0,0,0,0,0,0,0,1,0,0,15,0,0,0,0,0,0,0,0,0,0,0,1,63,0,0,0,0,0,0,0,0,1,0,0,0,0,0,0,0,0
"2893",0,0,0,1,0,0,0,0,0,0,0,0,15,0,0,0,0,0,0,0,63,0,0,0,0,0,0,0,0,0,0,0,0,0,0,0,0,0,0,0,0,0,0,0,0,0,0,0
"2894",0,0,0,1,0,0,0,0,0,0,0,0,0,0,0,0,0,1,0,0,3,0,0,0,3,0,0,0,0,0,3,0,0,0,0,0,0,0,0,0,0,0,0,15,0,0,0,0
"2895",0,0,0,0,0,0,0,0,0,0,0,0,0,0,0,0,0,0,0,0,0,0,0,0,0,0,0,0,0,1,0,0,0,0,1,1,0,0,0,38,0,0,0,0,0,0,0,0
"2896",0,0,0,1,0,0,0,0,0,0,0,0,0,0,0,0,0,0,0,0,0,0,0,0,0,3,0,0,0,0,0,0,0,0,0,0,0,0,0,0,3,0,0,0,0,0,63,0
"2897",0,0,0,0,0,0,0,0,0,0,0,0,0,0,0,0,0,0,0,0,0,0,0,0,63,0,0,0,1,0,0,0,0,0,0,0,0,0,0,1,15,0,0,0,0,0,0,0
"2898",0,0,0,0,0,0,0,0,0,0,0,0,0,0,0,0,0,0,0,0,0,0,0,0,63,0,0,0,1,0,0,0,0,1,0,0,0,0,0,15,0,0,0,0,0,0,0,0
"2899",0,0,0,0,1,0,0,0,0,0,0,0,0,0,0,0,0,0,0,0,0,0,0,0,0,0,0,0,0,0,0,0,0,0,0,0,0,0,0,88,0,0,0,0,3,0,0,0
"2900",0,0,0,0,0,0,0,0,0,0,0,0,0,0,0,0,0,0,0,0,0,0,0,0,3,0,0,0,3,1,1,0,0,3,0,63,0,1,0,3,0,0,0,0,0,0,0,0
"2901",0,0,0,0,0,0,3,0,0,0,0,0,0,0,38,0,0,0,0,0,0,0,0,0,38,0,0,0,0,15,0,0,0,0,0,0,0,0,0,0,3,0,0,0,0,0,0,0
"2902",0,0,0,0,0,0,0,0,0,1,0,0,0,0,0,0,0,0,0,0,0,0,38,0,0,0,0,0,0,38,0,0,0,15,0,0,0,0,0,0,0,0,0,0,0,0,0,0
"2903",0,0,0,0,0,0,0,0,0,0,0,0,0,0,0,0,0,0,0,0,0,0,0,0,0,0,0,0,0,0,3,0,0,0,0,0,0,0,0,88,0,0,0,0,0,0,0,0
"2904",0,0,0,0,0,0,0,0,0,0,0,0,0,0,0,0,0,1,0,0,0,0,0,0,0,0,0,0,0,0,3,0,0,0,0,0,0,0,0,1,0,0,0,0,0,0,0,0
"2905",0,0,0,15,0,0,0,0,1,0,0,0,15,0,0,0,0,0,0,0,38,0,0,0,0,0,0,0,0,0,0,0,0,0,0,0,0,0,0,0,0,0,0,3,0,0,0,0
"2906",0,0,0,0,0,0,0,0,1,0,1,0,0,0,0,0,0,0,0,0,0,0,0,0,0,0,0,0,3,3,15,0,0,1,1,0,0,0,0,63,0,0,0,0,0,0,0,0
"2907",0,0,0,0,0,0,0,0,0,38,0,0,0,0,0,0,0,0,0,0,0,0,15,0,0,0,0,0,0,0,0,0,0,1,0,3,0,15,0,0,0,0,0,0,0,3,0,0
"2908",0,0,0,0,0,0,1,0,0,0,0,0,0,0,15,0,1,1,1,0,0,0,0,0,63,0,0,0,0,0,3,0,0,3,0,0,0,0,0,0,3,0,0,0,0,0,0,0
"2909",0,0,0,0,0,0,0,0,1,0,0,0,0,0,0,0,0,1,0,0,0,0,0,0,1,0,0,0,0,1,63,0,0,0,0,0,0,0,0,0,0,0,0,0,0,0,0,0
"2910",0,0,0,0,0,0,0,0,0,0,0,0,0,0,0,0,0,0,0,0,1,0,0,0,0,0,0,0,0,0,0,0,0,0,0,0,0,0,0,0,0,0,0,0,0,0,0,0
"2911",0,0,0,1,0,0,0,0,0,0,0,0,0,0,0,0,0,0,0,0,0,0,0,0,0,0,0,0,0,0,0,0,1,0,0,0,0,0,0,0,0,0,0,0,0,0,0,0
"2912",3,0,0,0,0,0,0,0,0,0,0,0,0,0,0,0,0,0,0,0,0,0,0,0,15,0,0,0,0,0,0,0,0,3,0,38,0,0,0,0,3,0,0,0,0,0,0,0
"2913",0,0,0,0,0,0,0,0,1,0,0,0,0,0,0,0,0,1,0,0,0,0,0,0,0,0,0,0,0,1,15,0,0,0,0,0,0,3,0,15,0,0,0,1,0,0,0,0
"2914",0,0,1,0,0,0,0,0,0,0,0,0,0,0,0,0,0,0,0,0,0,0,0,0,0,0,0,0,0,0,0,0,0,38,0,0,0,1,0,0,0,0,0,0,0,0,0,0
"2915",1,0,1,0,0,0,0,0,1,0,0,0,0,0,0,0,0,0,0,0,0,0,15,0,0,0,0,0,0,15,15,0,0,3,0,38,0,0,0,0,0,0,0,0,0,0,0,0
"2916",0,0,0,0,0,0,0,0,0,0,0,0,0,0,0,0,0,0,0,0,0,0,0,0,0,0,0,0,0,88,0,0,0,1,0,1,0,0,0,0,0,0,0,0,0,0,0,0
"2917",0,0,0,0,0,0,0,0,0,0,1,0,0,0,0,0,0,1,0,0,0,0,63,0,0,0,0,0,0,0,1,0,0,1,0,3,0,0,0,15,0,0,0,0,0,0,0,0
"2918",0,0,0,0,0,0,0,0,0,0,0,0,0,0,0,0,0,0,0,0,0,0,0,0,0,0,0,0,0,0,3,0,0,1,15,1,0,0,0,38,0,0,0,0,0,0,0,0
"2919",0,0,0,0,1,0,0,0,0,3,0,0,0,0,0,0,0,1,0,0,0,0,0,0,0,0,0,0,0,38,1,0,0,3,15,0,0,0,0,15,0,0,0,0,0,0,0,0
"2920",0,0,0,0,3,0,0,0,0,0,0,0,0,0,0,0,0,0,0,0,0,0,0,0,0,0,0,0,0,3,3,0,1,1,1,0,0,0,0,88,0,0,0,0,0,0,0,0
"2921",0,0,0,0,1,0,0,0,0,0,0,0,0,0,1,0,0,0,0,0,0,0,0,0,0,0,0,0,0,1,3,0,0,1,3,0,0,1,0,38,0,0,0,0,0,0,0,0
"2922",0,0,0,0,0,0,0,0,0,0,0,0,0,0,0,0,0,0,0,0,0,0,0,0,0,0,0,0,0,0,0,0,0,1,0,63,1,15,0,3,0,0,0,0,0,0,0,0
"2923",3,0,3,0,0,0,0,0,1,0,0,0,0,0,1,0,3,0,0,0,0,1,0,0,0,0,0,0,0,63,0,0,0,1,0,15,0,1,0,1,1,0,1,0,0,0,0,0
"2924",0,0,0,0,0,0,0,0,0,0,0,0,0,0,0,0,0,0,0,0,0,0,0,0,0,0,0,0,0,0,0,0,0,0,0,88,1,1,0,3,0,0,0,0,0,0,0,0
"2925",1,0,0,1,1,0,0,0,0,1,0,0,0,0,0,0,0,1,0,0,3,1,0,0,0,0,0,1,0,3,1,0,0,1,0,1,0,15,0,15,0,0,0,0,0,0,0,0
"2926",0,0,0,1,0,0,0,0,1,0,0,0,0,0,0,0,0,0,0,0,1,0,0,0,0,0,0,0,0,0,3,0,0,1,0,0,0,0,0,0,0,0,0,1,0,0,0,0
"2927",15,0,0,0,0,0,0,0,1,0,0,0,0,0,0,0,0,0,0,0,0,3,0,0,1,0,0,0,0,15,3,0,0,38,0,0,0,0,0,0,15,0,0,0,0,0,3,0
"2928",1,0,1,0,0,0,0,0,0,0,0,0,0,0,0,0,0,0,0,0,0,0,0,0,1,0,0,0,0,0,15,0,0,0,0,0,0,63,0,15,0,0,0,0,0,0,1,0
"2929",0,0,0,0,0,0,0,0,0,0,0,0,0,0,0,0,0,0,0,0,0,0,0,0,0,0,0,0,0,38,1,0,0,63,3,0,0,0,0,0,0,0,0,0,0,0,0,0
"2930",0,0,0,0,0,0,0,0,0,0,1,0,0,0,0,0,0,0,0,0,0,1,0,0,0,0,0,0,0,88,1,0,0,1,0,1,0,0,0,0,3,0,0,0,0,0,0,0
"2931",0,0,0,0,0,0,0,0,1,0,0,0,0,0,0,0,0,0,0,0,0,0,0,0,3,0,0,0,0,3,88,0,0,1,0,0,0,0,0,0,0,0,0,0,0,0,0,0
"2932",0,0,1,0,0,0,0,0,3,0,0,0,1,0,0,0,0,0,0,0,0,0,0,0,1,0,0,0,3,0,3,0,0,1,0,0,0,0,0,88,0,0,0,0,0,0,0,0
"2933",0,0,0,0,0,0,0,0,0,0,0,0,0,0,0,0,0,0,0,0,0,0,0,0,0,0,0,0,0,0,0,0,0,0,0,3,0,0,0,0,0,0,0,3,0,0,0,0
"2934",0,0,0,0,0,0,0,0,0,0,0,0,0,0,1,0,0,0,0,0,0,0,0,0,1,0,0,0,0,88,1,0,0,15,0,0,0,0,0,0,0,0,0,0,0,0,0,0
"2935",0,0,0,0,1,0,0,0,1,0,0,0,0,0,0,0,0,0,0,0,0,0,0,0,0,0,0,0,0,38,3,0,0,15,15,0,0,0,0,38,0,0,0,0,0,0,0,0
"2937",0,0,1,0,0,0,0,1,1,38,0,0,0,1,0,0,0,0,0,0,0,0,1,0,0,0,3,0,0,3,1,0,0,1,0,0,3,3,0,1,1,0,1,0,0,0,1,0
"2938",0,0,1,3,0,0,0,0,0,0,0,0,0,0,0,0,0,0,0,0,0,0,0,0,0,0,3,0,0,0,3,0,0,1,0,0,0,1,0,0,0,0,3,0,0,0,3,0
"2939",0,0,0,0,0,0,0,0,0,1,3,0,0,0,0,0,0,0,0,0,0,0,0,0,0,0,1,0,0,0,1,0,63,0,15,0,0,3,0,0,0,0,0,0,0,0,0,0
"2940",0,0,0,0,0,0,0,0,0,0,0,0,0,0,0,0,0,0,0,0,0,0,0,0,3,0,63,0,0,0,3,0,15,0,1,0,1,1,0,0,1,0,0,0,0,0,0,0
"2941",1,0,3,0,0,0,0,0,0,0,0,0,0,0,0,0,0,1,0,0,0,0,0,0,0,0,1,0,0,15,15,0,3,1,15,0,0,38,0,3,0,0,0,0,0,0,0,0
"2942",0,0,0,0,0,0,0,0,1,3,0,0,0,0,3,0,0,0,0,0,0,0,0,0,3,0,0,0,0,15,15,0,1,0,3,0,0,0,0,0,38,0,0,0,0,0,0,0
"2943",0,0,63,1,0,0,0,0,0,0,0,0,3,0,0,0,0,0,0,0,0,0,0,0,0,0,0,0,0,0,0,0,0,0,0,0,0,0,38,0,0,0,1,0,0,0,0,0
"2944",1,0,0,0,0,0,0,0,1,0,0,0,0,0,1,0,0,0,0,0,0,0,0,0,0,0,15,0,0,3,3,0,0,1,0,0,0,3,0,0,0,0,0,1,0,0,1,0
"2945",0,0,0,0,0,0,0,0,0,0,0,0,0,0,3,0,0,0,0,0,0,0,0,0,3,0,0,0,0,15,63,0,0,0,3,0,0,0,0,0,0,0,0,0,0,0,0,0
"2946",0,0,1,0,0,0,0,0,0,0,0,0,0,0,3,0,0,0,0,0,0,0,0,0,0,0,1,0,0,3,38,0,0,1,15,0,0,15,0,0,0,0,0,0,0,0,0,0
"2947",0,0,0,0,0,0,0,0,1,1,0,0,0,0,0,0,0,0,0,0,0,0,0,0,0,0,0,0,0,0,1,0,15,1,15,1,0,63,0,3,0,0,0,0,0,0,0,0
"2948",0,0,0,0,0,0,0,0,0,1,0,0,0,0,1,0,0,0,0,0,0,0,0,0,0,0,0,0,0,1,38,0,0,0,1,0,0,0,0,0,0,0,0,38,0,0,1,0
"2949",0,0,0,0,0,0,0,0,1,1,0,0,0,0,1,0,0,0,0,0,0,0,0,0,1,0,38,0,0,0,3,0,0,0,3,0,0,15,0,0,1,0,0,0,0,0,0,0
"2950",1,0,0,0,0,0,0,0,0,0,0,0,0,0,1,0,0,0,0,0,0,0,0,0,0,0,63,0,0,1,3,0,0,1,0,0,0,3,0,1,0,0,0,0,0,0,1,0
"2951",0,0,0,0,0,0,0,0,0,0,0,0,0,0,0,0,0,0,0,0,0,0,0,0,0,0,0,0,0,0,0,0,88,0,0,0,0,0,0,0,0,0,0,15,0,0,0,0
"2956",0,0,0,0,0,0,0,0,0,0,0,0,0,0,1,0,0,0,0,0,0,0,0,0,0,0,0,0,1,3,15,0,1,0,0,0,0,1,0,63,0,0,0,0,0,0,0,0
"2957",3,0,3,0,0,0,0,0,0,1,0,0,0,0,0,0,0,0,0,0,0,1,0,0,0,0,0,0,0,15,0,0,0,0,0,15,0,0,0,1,0,0,1,38,0,0,0,0
"2960",0,0,1,0,0,0,0,0,0,1,0,0,0,0,0,0,0,0,0,0,0,0,0,0,0,0,0,0,0,63,3,0,0,0,0,0,0,15,0,1,0,0,0,0,0,0,0,0
"2961",0,0,0,0,0,0,0,0,0,0,0,0,0,0,0,0,0,0,0,0,0,0,0,0,0,0,0,0,0,1,0,0,0,0,1,0,0,0,0,0,0,0,0,0,0,0,0,0
"2962",0,0,0,0,0,0,0,0,3,0,0,0,0,0,15,0,0,0,0,0,0,0,0,0,0,0,0,0,0,0,88,0,0,0,0,0,0,0,0,0,0,0,0,0,0,0,0,0
"2964",3,0,38,0,0,0,0,0,0,0,0,0,0,0,0,0,0,3,0,0,38,3,0,0,0,0,0,0,0,0,0,0,0,0,0,0,0,0,0,0,15,0,0,0,0,15,0,0
"2965",0,0,0,0,0,0,0,0,0,0,0,0,0,0,0,0,0,0,0,0,38,0,0,0,0,0,0,0,0,0,0,0,0,0,0,0,0,0,0,0,0,0,0,0,0,0,0,0
"2966",1,0,0,0,0,0,0,0,0,0,0,0,0,0,0,0,0,0,0,0,0,0,0,0,0,0,0,0,0,0,0,0,0,0,0,0,0,0,0,0,0,0,0,0,0,1,0,0
"2967",3,0,1,0,0,0,0,0,0,3,3,0,0,0,3,0,0,0,0,0,0,0,0,0,0,0,0,0,0,0,0,0,0,0,0,0,0,0,15,0,63,0,0,0,0,0,0,0
"2969",0,0,0,15,0,0,0,0,0,0,0,0,0,38,0,0,0,0,0,0,0,0,0,0,0,0,0,0,0,0,0,0,0,0,0,0,0,0,0,0,0,0,0,0,0,0,0,0
"2970",0,0,0,0,0,0,0,0,0,0,0,0,0,0,0,0,0,0,0,0,0,0,0,0,38,0,0,0,3,0,38,0,0,3,3,0,0,0,0,0,0,0,0,0,3,0,0,0
"2971",0,0,0,0,0,0,0,0,0,0,0,0,0,0,3,0,0,0,0,0,0,0,0,0,15,0,0,0,3,15,0,0,3,15,3,0,0,0,0,1,0,0,0,0,0,0,0,0
"2972",0,0,0,0,0,0,0,0,0,0,0,0,0,0,0,0,0,0,0,0,0,0,0,0,38,0,0,0,0,0,38,0,0,0,0,0,0,0,0,0,0,0,0,0,15,0,0,0
"2973",0,0,0,0,0,0,0,0,0,0,0,0,0,0,0,0,0,0,0,0,0,0,0,0,15,0,0,0,0,0,63,0,0,0,15,0,0,0,0,0,0,0,0,0,0,0,0,0
"2974",0,0,0,0,0,0,0,0,0,0,0,0,0,0,0,0,0,1,0,0,0,0,0,0,3,0,0,0,0,38,63,0,0,3,0,0,0,0,0,0,0,0,0,0,0,0,0,0
"2975",0,0,0,0,0,0,0,0,0,0,0,0,0,0,0,0,0,0,0,0,0,0,0,0,0,0,0,0,0,15,0,0,0,3,15,0,0,0,0,0,0,0,0,0,0,0,15,0
"2976",0,0,0,0,0,0,0,0,0,0,0,0,0,0,0,0,0,0,0,0,0,0,0,0,15,0,0,0,0,0,0,0,0,0,3,3,0,0,0,0,0,0,0,0,88,0,0,0
"2977",0,0,0,0,0,0,0,0,0,0,0,0,0,0,0,0,0,0,0,0,0,0,0,0,88,0,0,0,0,0,0,0,0,0,3,3,0,0,0,0,0,0,0,0,0,0,0,0
"2978",0,0,0,0,0,0,0,3,0,0,0,0,0,0,0,0,0,0,0,0,0,0,0,0,63,0,0,0,0,15,3,0,0,38,3,0,0,0,0,0,0,0,0,0,0,0,0,0
"2979",0,0,0,0,0,0,0,0,0,0,0,0,0,0,0,0,0,0,0,0,0,0,0,0,63,0,0,0,0,0,15,0,0,0,3,0,0,0,0,0,0,0,0,0,0,0,0,0
"2980",0,0,0,0,0,0,0,0,0,0,0,0,0,0,0,0,0,0,0,0,0,0,0,0,63,0,0,0,0,0,38,0,0,0,15,0,0,0,0,0,0,0,0,0,0,0,0,0
"2981",0,0,0,0,0,0,0,0,0,0,0,0,0,0,0,0,0,0,0,0,0,0,0,0,38,0,0,0,0,0,15,0,0,0,15,0,0,0,0,0,0,0,0,0,0,0,0,0
"2982",0,0,0,0,0,0,0,0,0,0,0,0,0,0,0,0,0,0,0,0,0,0,0,0,15,0,0,0,0,0,15,0,0,0,0,0,0,0,0,0,0,0,0,0,0,0,0,0
"2983",0,0,0,0,0,0,3,0,0,0,0,0,0,0,15,0,0,0,3,0,0,0,0,0,15,0,0,0,0,0,0,0,0,15,0,0,0,0,0,0,15,0,0,0,0,0,0,0
"2984",0,0,0,0,0,0,0,0,0,0,0,0,0,0,0,0,0,0,0,0,0,0,0,0,15,0,0,0,0,0,88,0,0,3,0,0,0,0,0,0,0,0,0,0,0,0,0,0
"2985",0,0,0,0,0,0,0,0,0,1,0,0,0,0,0,0,0,0,0,0,0,0,0,0,63,0,0,0,0,3,3,0,0,3,15,0,0,0,0,0,0,0,0,0,0,0,0,0
"2986",0,0,0,0,0,0,0,0,0,15,0,0,0,0,0,0,0,0,0,0,0,0,38,0,0,38,0,0,0,0,1,0,0,0,0,0,0,0,0,0,0,0,0,0,0,0,0,0
"2987",0,0,0,0,0,0,0,0,0,0,0,0,0,15,0,0,0,0,0,0,15,63,0,0,0,0,0,0,0,0,0,0,0,0,0,0,0,0,0,0,0,0,0,0,0,0,0,0
"2988",0,0,0,0,0,0,0,0,0,0,0,0,0,0,0,0,1,0,0,0,0,0,0,0,3,0,0,0,0,0,3,0,0,0,0,0,0,0,0,0,0,0,0,0,0,0,0,0
"2989",0,0,0,0,0,0,0,0,0,3,0,0,0,0,0,0,0,0,0,0,0,0,0,0,0,0,0,0,0,63,0,0,0,3,0,0,0,38,0,0,0,0,0,0,0,0,0,0
"2990",0,0,0,0,0,0,0,0,0,0,0,0,0,0,0,0,0,0,0,0,0,0,0,0,88,0,0,0,0,3,15,0,0,0,15,0,0,0,0,0,0,0,0,0,0,0,0,0
"2991",0,0,0,0,0,0,1,0,0,0,0,0,0,0,15,0,0,0,3,0,0,0,0,0,88,0,0,0,0,0,0,0,0,3,0,0,0,0,0,0,0,0,0,0,0,0,0,0
"2992",0,0,0,0,0,0,0,0,0,0,0,0,0,0,0,0,0,0,0,0,0,1,0,0,38,0,0,0,0,15,38,0,0,15,0,0,0,15,0,0,38,0,0,0,0,0,0,0
"2993",0,0,0,0,0,0,0,0,0,0,0,0,0,0,0,0,0,0,0,0,3,0,0,0,0,38,0,0,0,0,0,0,0,0,0,0,0,38,0,0,0,0,0,38,0,0,0,0
"2994",3,0,0,0,0,0,0,0,0,0,0,0,0,0,0,0,0,0,0,0,0,0,0,0,0,15,0,0,0,0,15,0,0,3,0,0,0,15,0,0,0,0,0,0,0,0,0,0
"2995",0,0,0,0,0,0,0,0,0,0,0,0,0,0,0,0,0,3,0,0,3,0,0,0,3,0,0,0,0,3,15,0,0,3,0,0,0,15,0,0,0,0,0,15,0,0,0,0
"2996",3,0,0,38,0,0,0,0,0,0,0,0,0,0,0,0,0,0,0,0,0,0,15,0,0,0,0,0,0,0,15,0,0,0,0,0,3,0,0,15,0,0,3,0,0,0,0,0
"2997",0,0,0,15,0,0,0,0,0,0,0,0,0,0,0,0,0,0,0,0,38,0,0,0,0,0,0,0,0,3,0,0,3,3,3,0,0,0,0,3,0,0,0,0,0,0,0,0
"2998",0,0,0,0,0,0,0,0,0,15,0,0,0,0,0,0,0,0,0,0,0,0,0,0,0,0,0,0,0,38,0,0,0,15,0,0,0,0,0,0,0,15,0,0,0,0,0,0
"2999",0,0,0,0,0,0,0,0,0,0,0,0,0,0,1,0,0,0,0,0,0,0,0,0,0,0,0,0,0,0,63,0,0,15,0,0,0,15,0,0,0,0,0,0,0,0,0,0
"3000",0,0,0,0,0,0,0,0,0,0,0,0,0,0,0,0,0,0,0,0,0,0,0,0,0,0,0,0,0,0,1,0,0,15,63,0,0,0,0,3,0,0,0,0,0,0,0,0
"3001",0,0,0,0,0,0,0,0,1,0,0,0,0,0,1,0,0,0,0,0,0,0,0,0,15,0,0,0,0,0,38,0,0,0,3,0,0,0,0,0,0,0,0,0,0,0,0,0
"3002",0,0,0,0,0,0,0,0,0,0,0,0,0,0,0,0,0,0,0,0,3,0,0,0,0,0,0,0,0,0,0,0,0,0,0,0,0,38,0,0,0,0,0,0,0,0,0,0
"3003",0,0,0,0,0,0,0,0,0,0,0,0,0,0,3,0,0,0,0,0,0,0,0,0,3,0,0,0,0,0,0,0,0,0,0,0,0,0,0,0,88,0,0,0,0,0,0,0
"3004",0,0,0,0,0,0,0,0,0,0,0,0,0,0,15,0,3,0,1,0,0,0,0,0,0,0,0,0,0,88,0,0,0,3,0,0,0,0,0,0,0,0,0,0,0,0,0,0
"3005",0,0,0,0,0,0,0,0,0,0,0,0,0,0,1,0,0,0,0,0,0,0,0,0,0,0,0,0,0,63,0,0,0,0,0,0,0,0,0,0,3,0,0,0,0,0,0,0
"3007",0,0,0,0,0,0,3,0,0,0,0,0,0,0,3,0,0,0,0,0,0,0,0,0,63,0,0,0,0,0,0,0,0,0,0,0,0,0,0,0,3,0,0,0,0,0,0,0
"3008",0,0,0,0,0,0,0,0,0,0,0,0,0,0,0,0,1,15,0,0,0,0,0,0,15,0,0,0,0,0,15,0,0,0,0,0,0,0,0,0,0,0,0,0,0,0,0,0
"3009",0,0,0,0,0,0,3,0,0,0,0,0,0,0,3,0,0,0,0,0,0,0,0,0,63,0,0,0,0,0,3,0,0,0,0,0,0,0,0,0,15,0,0,0,0,0,0,0
"3010",0,0,0,0,0,0,0,0,1,0,0,0,0,0,3,0,0,0,3,0,0,0,0,0,63,0,0,0,0,0,0,0,0,0,0,0,0,0,0,0,15,0,0,0,0,0,0,0
"3011",0,0,0,0,0,0,1,0,0,0,0,0,0,0,15,0,1,0,0,0,0,0,0,0,15,0,0,0,0,15,0,1,0,15,0,0,0,0,0,0,38,0,0,0,0,0,0,0
"3012",3,0,3,0,0,0,0,0,0,0,0,0,0,0,3,0,0,0,0,0,0,0,0,0,0,0,0,0,0,15,3,0,0,0,0,0,0,0,0,3,38,1,0,0,0,1,0,0
"3013",0,0,0,0,0,0,1,0,3,0,0,0,0,0,15,0,0,0,0,0,0,0,0,0,15,0,0,0,0,38,15,0,0,0,0,0,0,0,0,0,3,0,0,0,0,0,0,0
"3014",0,0,0,0,0,3,3,0,0,0,0,0,0,0,38,0,0,0,1,0,0,0,0,0,15,0,0,0,0,0,0,0,0,0,0,0,0,0,0,0,15,0,0,0,0,0,0,0
"3015",0,0,0,0,0,1,3,0,1,0,0,0,0,0,15,0,0,0,0,0,0,0,0,0,15,0,0,0,0,1,0,0,0,3,0,0,0,0,0,0,38,0,0,0,0,0,0,0
"3016",0,0,0,0,0,0,0,0,1,0,0,0,0,0,3,0,0,1,3,0,0,0,0,0,3,0,0,0,0,0,38,0,0,0,0,0,0,0,0,0,0,0,0,0,0,0,0,0
"3017",0,0,0,0,0,0,0,0,1,0,0,0,0,0,3,0,0,3,0,0,0,0,0,0,3,0,0,0,0,0,38,0,0,0,0,0,0,0,0,0,0,0,0,0,0,0,0,0
"3018",1,0,0,0,0,1,3,0,0,0,0,15,0,0,38,0,0,1,3,0,0,0,0,0,15,0,0,0,0,0,0,3,0,0,0,0,0,0,0,3,15,0,0,0,0,0,0,0
"3019",0,0,0,0,0,0,3,0,0,0,0,0,0,0,15,0,0,0,1,0,0,0,0,0,15,0,0,0,0,1,38,0,0,15,0,0,0,0,0,0,3,0,0,0,0,0,0,0
"3020",0,0,0,0,0,0,1,0,1,0,0,0,0,0,15,0,0,0,0,0,0,0,0,0,1,0,0,0,0,1,38,0,0,3,0,0,0,0,0,0,1,0,0,0,0,0,0,0
"3021",0,0,0,0,0,0,1,0,0,0,0,0,0,0,15,0,0,0,1,0,0,0,0,0,3,0,0,0,0,1,0,0,0,15,0,0,0,0,0,0,38,0,0,0,0,0,0,0
"3022",0,0,0,0,0,1,0,0,1,0,0,0,0,0,63,1,1,0,0,0,0,0,0,0,3,0,1,0,0,3,0,0,0,0,0,0,0,1,0,0,15,0,0,0,0,0,0,0
"3024",0,0,0,0,0,0,0,0,0,0,0,0,0,0,0,0,0,1,0,0,0,0,0,0,0,0,0,0,0,0,3,0,0,0,0,0,0,0,0,0,0,0,0,0,0,0,0,0
"3025",0,0,0,0,0,0,3,0,0,0,0,0,0,0,38,0,0,0,0,0,0,0,0,0,63,0,0,0,0,0,3,0,0,0,0,0,0,0,0,0,0,0,0,0,0,0,0,0
"3026",0,0,0,0,0,0,0,0,0,0,0,0,0,0,3,0,3,0,0,0,0,0,0,0,0,0,0,0,0,15,63,0,3,1,0,0,0,0,0,0,1,0,0,0,0,0,0,0
"3027",0,0,0,0,0,0,0,0,3,0,0,0,0,0,3,0,0,0,0,0,0,0,0,0,0,0,0,0,0,15,38,0,3,0,0,0,0,0,0,0,15,0,0,0,0,0,0,0
"3028",0,0,0,0,0,0,0,0,0,0,0,0,0,0,15,0,0,0,0,0,0,0,0,0,3,0,0,0,0,3,63,0,0,0,0,0,0,0,0,0,0,0,0,0,0,0,0,0
"3031",0,0,0,0,0,0,0,0,1,0,0,0,0,0,3,0,0,0,0,0,0,0,0,0,38,0,0,0,0,0,0,0,0,0,0,0,0,0,0,0,38,0,0,0,0,0,0,0
"3034",0,0,0,0,0,0,0,0,0,0,0,1,0,0,15,0,1,0,1,0,0,0,0,0,0,0,0,0,0,3,63,0,0,3,0,0,0,0,0,0,38,0,0,0,0,0,0,0
"3036",0,0,0,0,0,0,0,0,0,0,0,1,0,0,3,0,1,0,1,0,0,0,0,0,0,0,0,0,0,63,0,15,0,38,0,0,0,0,0,0,1,0,0,0,0,0,0,0
"3037",0,0,0,0,0,0,1,0,0,0,0,0,0,0,38,0,1,0,1,0,0,0,0,0,15,0,0,0,0,0,0,0,0,0,0,0,0,0,0,0,63,0,0,0,0,0,0,0
"3046",0,0,0,0,0,0,0,0,0,1,0,0,0,0,1,0,0,0,0,0,0,15,0,0,15,0,0,0,0,63,1,0,0,3,0,0,0,0,0,3,0,0,0,0,0,0,0,0
"3047",0,0,1,0,0,0,0,0,0,0,1,0,0,0,0,0,0,0,0,0,0,0,0,0,0,0,0,0,0,15,0,0,38,1,38,0,0,15,0,0,0,0,0,0,0,0,1,0
"3048",0,0,0,0,0,0,0,0,0,0,0,0,0,0,0,0,0,0,0,0,0,0,0,0,1,0,0,0,0,38,15,0,0,1,38,0,0,38,0,3,0,0,0,0,0,0,0,0
"3049",0,0,0,0,0,0,0,0,0,0,0,0,0,0,3,0,0,0,0,0,0,0,0,0,3,0,0,0,0,3,63,0,0,0,0,0,0,0,0,3,0,0,0,0,0,0,0,0
"3050",0,0,1,0,0,0,0,0,0,0,0,0,0,0,0,0,0,0,0,0,0,0,0,0,0,0,15,0,0,3,1,0,0,0,0,0,0,63,0,0,0,0,0,0,0,0,0,0
"3051",1,0,0,0,0,0,0,0,0,0,0,0,0,0,0,0,0,0,0,0,0,1,0,0,0,0,15,0,0,3,0,0,0,1,0,0,0,38,0,3,0,0,0,0,0,0,0,0
"3052",0,0,0,1,0,0,0,0,0,0,0,0,0,0,0,0,0,0,0,0,0,0,0,0,0,0,15,0,0,38,0,0,0,0,15,0,0,38,0,3,0,0,0,0,0,0,0,0
"3053",0,0,0,0,0,0,0,0,1,0,0,0,0,0,15,0,0,0,0,0,0,0,0,0,38,0,0,0,0,15,38,0,0,0,0,0,0,0,0,15,0,0,0,0,0,0,0,0
"3054",0,0,0,0,0,0,0,0,0,1,0,0,0,0,1,0,0,0,0,0,0,0,0,0,0,0,0,0,0,38,38,0,0,1,15,0,0,0,0,3,0,0,0,0,0,0,0,0
"3055",15,0,0,0,0,0,0,0,0,0,0,0,0,0,0,0,0,3,0,0,0,0,0,0,0,0,0,0,0,63,1,0,0,3,3,0,0,15,0,15,0,0,0,0,0,0,0,0
"3056",0,0,0,0,0,0,0,0,0,0,0,0,0,0,0,0,0,1,0,0,0,0,0,0,0,0,0,0,0,63,15,0,3,1,0,0,0,0,0,0,0,0,0,0,0,0,0,0
"3057",0,0,0,1,0,0,0,0,0,1,0,0,0,0,0,0,0,0,0,0,0,0,3,0,0,0,0,0,0,0,0,0,15,0,0,0,0,3,0,0,0,0,0,0,0,0,0,0
"3058",1,0,1,0,0,0,0,0,1,1,0,0,0,0,0,0,0,0,0,0,1,0,3,0,0,0,3,0,0,3,38,0,0,3,0,0,0,1,0,15,0,0,0,0,0,0,0,0
"3059",0,0,0,0,0,0,0,0,0,3,0,0,0,0,0,0,0,0,0,0,0,0,0,0,0,0,0,0,0,15,15,0,0,1,38,0,0,0,0,3,0,0,0,0,0,0,0,0
"3060",0,0,1,1,0,0,0,0,0,0,0,0,0,0,0,0,0,0,0,0,0,0,0,0,0,0,3,0,0,3,0,0,1,0,0,1,0,38,0,3,0,0,0,0,0,0,0,0
"3064",3,0,1,15,0,0,0,0,0,0,0,0,0,0,0,0,0,0,0,0,0,0,0,0,0,0,0,0,0,15,0,0,0,0,0,0,0,0,38,0,0,1,0,0,0,0,0,0
"3066",3,0,0,3,0,0,0,0,0,0,0,0,0,0,1,0,0,0,0,0,0,1,0,0,0,0,0,0,0,38,1,0,0,0,0,0,0,0,15,15,3,3,0,0,0,0,0,0
"3073",0,0,0,0,0,0,1,0,0,0,0,1,0,0,3,0,0,0,0,0,0,0,0,0,15,0,0,0,0,3,3,0,0,1,0,0,0,0,0,0,38,0,0,0,0,0,0,0
"3074",0,0,0,0,0,0,0,0,1,0,0,0,0,0,3,0,0,3,0,0,0,0,0,0,15,0,0,0,0,1,63,0,0,1,0,0,0,0,0,0,0,0,0,0,0,0,0,0
"3075",0,0,0,0,0,0,3,0,3,0,0,0,0,0,3,0,0,0,0,0,0,0,0,0,38,0,0,0,0,38,15,0,0,0,0,0,0,0,0,0,0,0,0,0,0,0,0,0
"3076",0,0,0,0,0,3,0,0,0,0,0,0,0,0,3,0,3,0,1,0,0,0,0,0,3,0,0,0,0,3,38,0,0,0,0,0,0,0,0,0,38,0,0,0,0,0,0,0
"3077",0,0,0,0,0,3,1,0,3,0,0,0,0,0,15,0,0,0,0,0,0,0,0,0,3,0,0,0,0,3,63,0,1,0,0,0,0,0,0,0,15,0,0,0,0,0,0,0
"3078",0,0,0,0,0,0,0,0,0,0,0,0,0,1,0,0,0,0,0,0,0,0,0,0,0,0,0,0,0,0,0,0,0,0,0,0,0,0,0,0,0,0,0,0,0,0,0,0
